,date,value
0,2017-08-16,10000000.0
1,2017-08-17,9999024.659500001
2,2017-08-18,10005185.813800002
3,2017-08-21,10011740.041900001
4,2017-08-22,9993192.914800001
5,2017-08-23,9943340.538
6,2017-08-24,9943330.359100001
7,2017-08-25,9936223.549900003
8,2017-08-28,9924464.845300002
9,2017-08-29,9936591.448100002
10,2017-08-30,9912346.203000002
11,2017-08-31,9882103.669300001
12,2017-09-01,9913330.592000002
13,2017-09-04,9930934.864500001
14,2017-09-05,9930934.864500001
15,2017-09-06,9893330.149600003
16,2017-09-07,9914816.734800003
17,2017-09-08,9914771.950000003
18,2017-09-11,9944264.176100003
19,2017-09-12,9966624.229300003
20,2017-09-13,10022590.011700002
21,2017-09-14,9984128.296200003
22,2017-09-15,10008679.334700003
23,2017-09-19,10026865.085800003
24,2017-09-20,10081559.212800004
25,2017-09-21,10125332.441300003
26,2017-09-22,10117346.577300003
27,2017-09-25,10107610.887900002
28,2017-09-26,10104821.769000003
29,2017-09-27,10162479.843800005
30,2017-09-28,10188442.024600003
31,2017-09-29,10216983.891500004
32,2017-10-02,10228258.119300004
33,2017-10-03,10255342.767600004
34,2017-10-04,10267494.475800004
35,2017-10-05,10292425.494200004
36,2017-10-06,10343706.005000003
37,2017-10-10,10385879.098000003
38,2017-10-11,10418448.425200004
39,2017-10-12,10428618.050900003
40,2017-10-13,10491901.499300003
41,2017-10-16,10504513.662000004
42,2017-10-17,10514693.344400004
43,2017-10-18,10514516.112900004
44,2017-10-19,10569281.133200003
45,2017-10-20,10575652.453800004
46,2017-10-23,10615048.453800004
47,2017-10-24,10626979.557400003
48,2017-10-25,10596285.122700004
49,2017-10-26,10667796.579800004
50,2017-10-27,10708621.102600003
51,2017-10-30,10720672.642300004
52,2017-10-31,10771987.704700004
53,2017-11-01,10844521.044800004
54,2017-11-02,10863034.554600004
55,2017-11-06,10868127.155300004
56,2017-11-07,10884651.592200004
57,2017-11-08,10879931.086400006
58,2017-11-09,10936203.885500005
59,2017-11-10,10936203.885500005
60,2017-11-13,11019517.055300005
61,2017-11-14,11006246.257300004
62,2017-11-15,11007602.618600003
63,2017-11-16,10977062.256400004
64,2017-11-17,10937785.161600005
65,2017-11-20,10955370.183700005
66,2017-11-21,10963780.927500006
67,2017-11-22,10962203.325900005
68,2017-11-24,10978958.166300006
69,2017-11-27,10982108.951500006
70,2017-11-28,10981871.652400006
71,2017-11-29,11014995.275200006
72,2017-11-30,11031885.517600005
73,2017-12-01,11072817.323900005
74,2017-12-04,11102856.464300005
75,2017-12-05,11103670.134100005
76,2017-12-06,11103670.134100005
77,2017-12-07,11069290.749000005
78,2017-12-08,11105300.465600004
79,2017-12-11,11165490.276800005
80,2017-12-12,11168547.200900005
81,2017-12-13,11160625.330100004
82,2017-12-14,11166044.042100005
83,2017-12-15,11176339.228000004
84,2017-12-18,11146842.244200004
85,2017-12-19,11086980.016400006
86,2017-12-20,11119443.682600005
87,2017-12-21,11164335.798900004
88,2017-12-22,11201178.681700006
89,2017-12-25,11212491.145900005
90,2017-12-26,11212491.145900005
91,2017-12-27,11230577.446300006
92,2017-12-28,11204700.278600005
93,2017-12-29,11210858.220000006
94,2018-01-04,11294521.220000006
95,2018-01-05,11308388.220000006
96,2018-01-09,11308184.806100005
97,2018-01-10,11375983.157200005
98,2018-01-11,11375983.157200005
99,2018-01-12,11375983.157200005
100,2018-01-15,11329247.840800006
101,2018-01-16,11308033.505500006
102,2018-01-17,11311865.244100004
103,2018-01-18,11311865.244100004
104,2018-01-19,11303351.664900005
105,2018-01-22,11303351.664900005
106,2018-01-23,11342559.570100006
107,2018-01-24,11376061.936500005
108,2018-01-25,11400307.639700005
109,2018-01-26,11392242.960600005
110,2018-01-29,11382295.944400005
111,2018-01-30,11382295.944400005
112,2018-01-31,11364394.087600006
113,2018-02-01,11321765.579800006
114,2018-02-02,11332414.916300006
115,2018-02-05,11332414.916300006
116,2018-02-06,11332414.916300006
117,2018-02-07,11305707.392900007
118,2018-02-08,11030221.643900007
119,2018-02-09,11030018.338100005
120,2018-02-13,11030018.338100005
121,2018-02-14,11024891.584900007
122,2018-02-15,10978732.336100006
123,2018-02-16,10978732.336100006
124,2018-02-19,10975824.217500007
125,2018-02-20,10975781.600000007
126,2018-02-21,10977964.441400006
127,2018-02-22,10980752.073400008
128,2018-02-23,10993995.962700007
129,2018-02-26,10997623.421800006
130,2018-02-27,11055756.985900007
131,2018-02-28,11059718.122500006
132,2018-03-01,11059718.122500006
133,2018-03-02,11059718.122500006
134,2018-03-05,11059718.122500006
135,2018-03-06,10946819.122500006
136,2018-03-07,10946661.537500005
137,2018-03-08,10881379.868900007
138,2018-03-09,10897731.473800007
139,2018-03-12,10869743.061200006
140,2018-03-13,10875524.571600007
141,2018-03-14,10898572.700300006
142,2018-03-15,10886396.654400006
143,2018-03-16,10887954.982400008
144,2018-03-19,10866129.621600006
145,2018-03-20,10864291.411500007
146,2018-03-22,10855586.227000006
147,2018-03-23,10855586.227000006
148,2018-03-26,10739549.442800006
149,2018-03-27,10694744.442800006
150,2018-03-28,10687137.548100006
151,2018-03-29,10721370.414400006
152,2018-03-30,10756864.885400007
153,2018-04-02,10767509.261900006
154,2018-04-03,10803230.851300007
155,2018-04-04,10778265.044300007
156,2018-04-05,10798896.725000007
157,2018-04-06,10826073.850900006
158,2018-04-09,10823012.295400007
159,2018-04-10,10876529.575500006
160,2018-04-11,10880019.103600007
161,2018-04-12,10874699.777300008
162,2018-04-13,10927717.451000007
163,2018-04-16,10892714.395600006
164,2018-04-17,10913120.998000007
165,2018-04-18,10995745.998000007
166,2018-04-19,11016661.388400007
167,2018-04-20,11077689.565100007
168,2018-04-23,11084508.738300007
169,2018-04-24,11113252.805000007
170,2018-04-25,11119011.969400007
171,2018-04-26,11115295.033700006
172,2018-04-27,11074229.014000008
173,2018-05-01,11058184.459800007
174,2018-05-02,11062279.875100007
175,2018-05-07,11044561.539100006
176,2018-05-08,11056109.717900008
177,2018-05-09,11115975.890800007
178,2018-05-10,11090118.720300008
179,2018-05-11,11088421.162900006
180,2018-05-14,11112079.410600007
181,2018-05-15,11218930.852700006
182,2018-05-16,11218930.852700006
183,2018-05-17,11233039.235600006
184,2018-05-18,11262911.408100005
185,2018-05-21,11308341.764600007
186,2018-05-22,11334616.631900007
187,2018-05-23,11351395.631900007
188,2018-05-24,11351395.631900007
189,2018-05-25,11352731.942100007
190,2018-05-28,11296705.176900007
191,2018-05-29,11331687.190100007
192,2018-05-30,11321585.708300006
193,2018-05-31,11313108.199900007
194,2018-06-01,11313108.199900007
195,2018-06-04,11279971.897800006
196,2018-06-05,11278226.868000006
197,2018-06-06,11257055.847900007
198,2018-06-07,11267480.226200007
199,2018-06-08,11279747.880800007
200,2018-06-11,11283223.320000006
201,2018-06-12,11316205.652500007
202,2018-06-13,11328943.852600006
203,2018-06-14,11330827.109700006
204,2018-06-15,11308919.497000005
205,2018-06-18,11274736.687500006
206,2018-06-19,11274736.687500006
207,2018-06-20,11246483.885900006
208,2018-06-21,11264140.308600007
209,2018-06-22,11264629.473700006
210,2018-06-25,11264629.473700006
211,2018-06-26,11206204.154100006
212,2018-06-27,11236477.154100006
213,2018-06-28,11217175.569700006
214,2018-06-29,11206617.270900005
215,2018-07-02,11194338.190900005
216,2018-07-03,11181268.837200006
217,2018-07-04,11181268.837200006
218,2018-07-05,11181268.837200006
219,2018-07-06,11082528.020100005
220,2018-07-09,11018012.146400006
221,2018-07-10,11018012.146400006
222,2018-07-11,10976877.361100007
223,2018-07-12,10976877.361100007
224,2018-07-13,10986765.207700007
225,2018-07-17,11000761.195700005
226,2018-07-18,11019378.448400006
227,2018-07-19,11057167.882200006
228,2018-07-20,11079753.048900006
229,2018-07-23,11079753.048900006
230,2018-07-24,11085346.262300007
231,2018-07-25,11088119.253500007
232,2018-07-26,11103375.745700005
233,2018-07-27,11126466.689500006
234,2018-07-30,11125609.567800006
235,2018-07-31,11154988.106100006
236,2018-08-01,11166192.997200007
237,2018-08-02,11166192.997200007
238,2018-08-03,11166192.997200007
239,2018-08-06,11164455.997200007
240,2018-08-07,11146744.415400006
241,2018-08-08,11146744.415400006
242,2018-08-09,11173656.685200006
243,2018-08-10,11173656.685200006
244,2018-08-13,11173656.685200006
245,2018-08-14,11112804.867700007
246,2018-08-15,11049164.878600005
247,2018-08-16,11049164.878600005
248,2018-08-17,11041612.229300007
249,2018-08-20,11050040.394900005
250,2018-08-21,11060069.572200006
251,2018-08-22,11048165.168500006
252,2018-08-23,11045577.368500005
253,2018-08-24,11066762.545200007
254,2018-08-27,11101602.468600007
255,2018-08-28,11109820.578600006
256,2018-08-29,11114190.872900005
257,2018-08-30,11123389.646400006
258,2018-08-31,11153918.366000006
259,2018-09-03,11153898.691000007
260,2018-09-04,11095100.188000007
261,2018-09-05,11103547.996300006
262,2018-09-06,11103547.996300006
263,2018-09-07,11103547.996300006
264,2018-09-10,11095481.591100007
265,2018-09-11,11080562.933700006
266,2018-09-12,11022596.740600007
267,2018-09-13,10996397.094100006
268,2018-09-14,11020527.486000007
269,2018-09-18,11047108.760100007
270,2018-09-19,11075291.124500006
271,2018-09-20,11105772.989300007
272,2018-09-21,11105772.989300007
273,2018-09-25,11084668.937600007
274,2018-09-26,11134843.912000006
275,2018-09-27,11134843.912000006
276,2018-09-28,11152907.317800006
277,2018-10-01,11247031.491200007
278,2018-10-02,11253885.571300007
279,2018-10-03,11271343.539300008
280,2018-10-04,11325693.611300007
281,2018-10-05,11325693.611300007
282,2018-10-09,11325693.611300007
283,2018-10-10,11261449.775700007
284,2018-10-11,11261449.775700007
285,2018-10-12,11227209.431700006
286,2018-10-15,11166367.249000005
287,2018-10-16,11031565.530900007
288,2018-10-17,11038723.649900006
289,2018-10-18,11047172.097300008
290,2018-10-19,11047172.097300008
291,2018-10-22,11051640.025000006
292,2018-10-23,11051640.025000006
293,2018-10-24,11033057.146700006
294,2018-10-25,11033057.146700006
295,2018-10-26,11011949.970900007
296,2018-10-29,11011949.970900007
297,2018-10-30,10938714.218800006
298,2018-10-31,10915485.927300008
299,2018-11-01,10915485.927300008
300,2018-11-02,10915292.983700007
301,2018-11-05,10879361.272200007
302,2018-11-06,10823232.684900008
303,2018-11-07,10823228.524900008
304,2018-11-08,10812588.904800007
305,2018-11-09,10703756.938300008
306,2018-11-12,10714521.574200008
307,2018-11-13,10714521.574200008
308,2018-11-14,10691655.685700007
309,2018-11-15,10674375.526400007
310,2018-11-16,10674375.526400007
311,2018-11-19,10675732.750800008
312,2018-11-20,10672603.758900007
313,2018-11-21,10672603.758900007
314,2018-11-22,10621947.827100007
315,2018-11-26,10605732.885400008
316,2018-11-27,10603046.321500007
317,2018-11-28,10670075.179100007
318,2018-11-29,10648525.081700008
319,2018-11-30,10749582.513800008
320,2018-12-03,10792259.446800008
321,2018-12-04,10792201.949400008
322,2018-12-05,10796322.102600008
323,2018-12-06,10783083.203700008
324,2018-12-07,10739235.178900007
325,2018-12-10,10749320.795700008
326,2018-12-11,10744369.414600007
327,2018-12-12,10565388.120100006
328,2018-12-13,10593125.187800007
329,2018-12-14,10593125.187800007
330,2018-12-17,10593769.917100009
331,2018-12-18,10593769.917100009
332,2018-12-19,10575174.508200008
333,2018-12-20,10575174.508200008
334,2018-12-21,10527977.553400008
335,2018-12-25,10527977.553400008
336,2018-12-26,10527977.553400008
337,2018-12-27,10515090.553400006
338,2018-12-28,10504423.021200009
339,2019-01-04,10524216.742100008
340,2019-01-07,10501403.170900008
341,2019-01-08,10501298.766100008
342,2019-01-09,10506417.361700008
343,2019-01-10,10514362.592800008
344,2019-01-11,10514362.592800008
345,2019-01-15,10533806.498000007
346,2019-01-16,10536222.614900008
347,2019-01-17,10552539.342800006
348,2019-01-18,10547339.445300007
349,2019-01-21,10556529.168900007
350,2019-01-22,10557256.168900007
351,2019-01-23,10516805.402600007
352,2019-01-24,10517416.446500007
353,2019-01-25,10485564.386800008
354,2019-01-28,10493648.343400007
355,2019-01-29,10513644.984500008
356,2019-01-30,10528816.743900008
357,2019-01-31,10445582.585200008
358,2019-02-01,10449986.434800008
359,2019-02-04,10457497.170700008
360,2019-02-05,10475877.700000009
361,2019-02-06,10502136.070500009
362,2019-02-07,10500329.575600008
363,2019-02-08,10454989.547100008
364,2019-02-12,10453567.386200007
365,2019-02-13,10470929.442000007
366,2019-02-14,10492121.632100008
367,2019-02-15,10504255.309400007
368,2019-02-18,10511134.309400007
369,2019-02-19,10510944.328300007
370,2019-02-20,10541295.563900007
371,2019-02-21,10585366.849400008
372,2019-02-22,10593586.861100007
373,2019-02-25,10631555.501700006
374,2019-02-26,10662223.742100008
375,2019-02-27,10668702.259100009
376,2019-02-28,10669437.305100007
377,2019-03-01,10679898.747800007
378,2019-03-04,10731553.414600007
379,2019-03-05,10733232.793300007
380,2019-03-06,10737215.159500007
381,2019-03-07,10737215.159500007
382,2019-03-08,10737215.159500007
383,2019-03-11,10722351.405100007
384,2019-03-12,10643276.405100007
385,2019-03-13,10632561.582200008
386,2019-03-14,10632550.813300008
387,2019-03-15,10616242.582400007
388,2019-03-18,10616122.124400008
389,2019-03-19,10616122.124400008
390,2019-03-20,10576367.243900008
391,2019-03-22,10537793.560800008
392,2019-03-25,10537793.560800008
393,2019-03-26,10444336.714500006
394,2019-03-27,10483887.382000007
395,2019-03-28,10483724.583700007
396,2019-03-29,10500300.490300007
397,2019-04-01,10547340.207900006
398,2019-04-02,10547224.312900007
399,2019-04-03,10582183.083300008
400,2019-04-04,10596805.573500007
401,2019-04-05,10616902.031300008
402,2019-04-08,10614379.101500008
403,2019-04-09,10584395.235700008
404,2019-04-10,10584395.235700008
405,2019-04-11,10570601.761100007
406,2019-04-12,10570601.761100007
407,2019-04-15,10619332.295300007
408,2019-04-16,10629695.662400007
409,2019-04-17,10673003.318600006
410,2019-04-18,10673003.318600006
411,2019-04-19,10687006.317000007
412,2019-04-22,10639029.997100007
413,2019-04-23,10593024.922700007
414,2019-04-24,10639075.946200008
415,2019-04-25,10644855.594700007
416,2019-04-26,10673158.944900006
417,2019-05-07,10673142.985900007
418,2019-05-08,10673142.985900007
419,2019-05-09,10673142.985900007
420,2019-05-10,10640454.481900007
421,2019-05-13,10626655.481900007
422,2019-05-14,10497843.331500007
423,2019-05-15,10445481.321600007
424,2019-05-16,10450188.246500008
425,2019-05-17,10450188.246500008
426,2019-05-20,10452899.910400007
427,2019-05-21,10381675.648100007
428,2019-05-22,10381675.648100007
429,2019-05-23,10381675.648100007
430,2019-05-24,10381675.648100007
431,2019-05-27,10381675.648100007
432,2019-05-28,10360857.382600008
433,2019-05-29,10295950.090200007
434,2019-05-30,10295950.090200007
435,2019-05-31,10295950.090200007
436,2019-06-03,10295950.090200007
437,2019-06-04,10345619.990700006
438,2019-06-05,10304455.951600008
439,2019-06-06,10340491.443300007
440,2019-06-07,10340491.443300007
441,2019-06-10,10374518.601000007
442,2019-06-11,10383964.620000007
443,2019-06-12,10405408.787700007
444,2019-06-13,10405408.787700007
445,2019-06-14,10410178.089400008
446,2019-06-17,10448670.360000007
447,2019-06-18,10448670.360000007
448,2019-06-19,10455992.561300008
449,2019-06-20,10469403.273500007
450,2019-06-21,10469320.342100007
451,2019-06-24,10471412.214700006
452,2019-06-25,10471412.214700006
453,2019-06-26,10471412.214700006
454,2019-06-27,10477790.157600008
455,2019-06-28,10462126.528300006
456,2019-07-01,10483960.528300006
457,2019-07-02,10542863.528300006
458,2019-07-03,10542840.775300007
459,2019-07-04,10544944.464100007
460,2019-07-05,10550857.719600007
461,2019-07-08,10550857.719600007
462,2019-07-09,10560424.719600007
463,2019-07-10,10576909.888000008
464,2019-07-11,10596561.176100008
465,2019-07-12,10574120.604800008
466,2019-07-16,10578595.088600006
467,2019-07-17,10583735.801700007
468,2019-07-18,10583735.801700007
469,2019-07-19,10593756.962700007
470,2019-07-22,10547899.430500008
471,2019-07-23,10575344.697000008
472,2019-07-24,10574699.482000008
473,2019-07-25,10590661.518800007
474,2019-07-26,10676913.605000008
475,2019-07-29,10695136.605000008
476,2019-07-30,10687777.445200007
477,2019-07-31,10715941.238500006
478,2019-08-01,10673700.023300007
479,2019-08-02,10673700.023300007
480,2019-08-05,10673700.023300007
481,2019-08-06,10607403.503900006
482,2019-08-07,10610002.168100007
483,2019-08-08,10593193.402400007
484,2019-08-09,10552250.004900008
485,2019-08-13,10552250.004900008
486,2019-08-14,10476335.004900008
487,2019-08-15,10476272.847300008
488,2019-08-16,10486536.224600008
489,2019-08-19,10325922.726400008
490,2019-08-20,10362507.912900008
491,2019-08-21,10335993.439300008
492,2019-08-22,10323579.478900008
493,2019-08-23,10352116.202500008
494,2019-08-26,10352116.202500008
495,2019-08-27,10306106.436100006
496,2019-08-28,10316163.672300007
497,2019-08-29,10281045.023600008
498,2019-08-30,10287930.413500007
499,2019-09-02,10295820.617400007
500,2019-09-03,10312868.125000007
501,2019-09-04,10281960.498300008
502,2019-09-05,10337993.393700007
503,2019-09-06,10395834.825000007
504,2019-09-09,10433857.564300008
505,2019-09-10,10430167.549100008
506,2019-09-11,10463654.387600008
507,2019-09-12,10463654.387600008
508,2019-09-13,10463627.357600007
509,2019-09-17,10463627.357600007
510,2019-09-18,10480991.152500007
511,2019-09-19,10537917.653100006
512,2019-09-20,10503567.478200007
513,2019-09-24,10544211.858700007
514,2019-09-25,10549333.657700008
515,2019-09-26,10564981.970000006
516,2019-09-27,10564981.970000006
517,2019-09-30,10547902.206400007
518,2019-10-01,10595080.573200006
519,2019-10-02,10587807.404500008
520,2019-10-03,10590340.675800007
521,2019-10-04,10607272.129300008
522,2019-10-07,10589909.210700007
523,2019-10-08,10632611.240100008
524,2019-10-09,10636802.656400006
525,2019-10-10,10637960.656400006
526,2019-10-11,10638712.078800008
527,2019-10-15,10663121.442000007
528,2019-10-16,10635956.034500007
529,2019-10-17,10654693.579800008
530,2019-10-18,10678283.216000007
531,2019-10-21,10678283.216000007
532,2019-10-23,10689394.368600007
533,2019-10-24,10702927.939100008
534,2019-10-25,10747015.815300006
535,2019-10-28,10779104.082100008
536,2019-10-29,10778835.961000007
537,2019-10-30,10779253.049700007
538,2019-10-31,10788148.647600006
539,2019-11-01,10826598.000200007
540,2019-11-05,10890934.367500007
541,2019-11-06,10900715.772900008
542,2019-11-07,10921566.502000008
543,2019-11-08,10909125.798100008
544,2019-11-11,10937999.758000007
545,2019-11-12,10913685.497200008
546,2019-11-13,10913668.881600007
547,2019-11-14,10913668.881600007
548,2019-11-15,10911899.008100007
549,2019-11-18,10911876.528100008
550,2019-11-19,10933687.033800008
551,2019-11-20,10926542.094000008
552,2019-11-21,10926542.094000008
553,2019-11-22,10904385.903300008
554,2019-11-25,10908635.707300007
555,2019-11-26,10913565.431300007
556,2019-11-27,10938546.661800008
557,2019-11-28,10947511.353500007
558,2019-11-29,10974997.060300007
559,2019-12-02,11024683.699100006
560,2019-12-03,11027572.114700008
561,2019-12-04,11040501.606100008
562,2019-12-05,11074537.516300008
563,2019-12-06,11112122.237200007
564,2019-12-09,11185013.030300006
565,2019-12-10,11182332.000600006
566,2019-12-11,11182332.000600006
567,2019-12-12,11173039.044900008
568,2019-12-13,11215439.615000008
569,2019-12-16,11207977.157800008
570,2019-12-17,11227297.993000008
571,2019-12-18,11220500.298400007
572,2019-12-19,11232638.310500007
573,2019-12-20,11246354.501300007
574,2019-12-23,11254055.733900007
575,2019-12-24,11257505.131500008
576,2019-12-25,11257505.131500008
577,2019-12-26,11268611.305900007
578,2019-12-27,11278620.392100006
579,2019-12-30,11285013.173400007
580,2020-01-06,11285013.173400007
581,2020-01-07,11283124.173400007
582,2020-01-08,11303994.816000007
583,2020-01-09,11367531.816000007
584,2020-01-10,11367241.988700008
585,2020-01-14,11410389.110500008
586,2020-01-15,11423199.629300008
587,2020-01-16,11426951.203400008
588,2020-01-17,11451982.203400008
589,2020-01-20,11489464.214900007
590,2020-01-21,11489464.214900007
591,2020-01-22,11471537.083100008
592,2020-01-23,11470544.106400007
593,2020-01-24,11438517.336300008
594,2020-01-27,11438517.336300008
595,2020-01-28,11436478.747100009
596,2020-01-29,11336439.616500009
597,2020-01-30,11336439.616500009
598,2020-01-31,11299463.79400001
599,2020-02-03,11301173.750600008
600,2020-02-04,11341875.709400008
601,2020-02-05,11346663.662800008
602,2020-02-06,11482035.662800008
603,2020-02-07,11530430.345200008
604,2020-02-10,11512230.445800008
605,2020-02-12,11566425.193000007
606,2020-02-13,11566425.193000007
607,2020-02-14,11601482.593600009
608,2020-02-17,11602841.859500008
609,2020-02-18,11602841.859500008
610,2020-02-19,11564925.987900008
611,2020-02-20,11564925.987900008
612,2020-02-21,11558823.275900008
613,2020-02-25,11558823.275900008
614,2020-02-26,11558823.275900008
615,2020-02-27,11558823.275900008
616,2020-02-28,11558823.275900008
617,2020-03-02,11558823.275900008
618,2020-03-03,11558823.275900008
619,2020-03-04,11558823.275900008
620,2020-03-05,11479506.222200008
621,2020-03-06,11479506.222200008
622,2020-03-09,11479506.222200008
623,2020-03-10,11371218.198100008
624,2020-03-11,11373687.012900008
625,2020-03-12,11373672.930800008
626,2020-03-13,11373672.930800008
627,2020-03-16,11373672.930800008
628,2020-03-17,11373672.930800008
629,2020-03-18,11206244.813300008
630,2020-03-19,11206244.813300008
631,2020-03-23,11123387.940700008
632,2020-03-24,11028856.968900008
633,2020-03-25,11074933.968900008
634,2020-03-26,11074833.655700007
635,2020-03-27,11055316.655700007
636,2020-03-30,11055190.016000008
637,2020-03-31,11055190.016000008
638,2020-04-01,11055190.016000008
639,2020-04-02,10914560.841200007
640,2020-04-03,10862678.723600008
641,2020-04-06,10707354.461700007
642,2020-04-07,10803596.514100008
643,2020-04-08,10792634.450400008
644,2020-04-09,10792599.847300008
645,2020-04-10,10788541.847300008
646,2020-04-13,10788512.496200008
647,2020-04-14,10784904.338100009
648,2020-04-15,10788898.975400008
649,2020-04-16,10778193.416300008
650,2020-04-17,10784871.166500008
651,2020-04-20,10687127.920900008
652,2020-04-21,10688034.171000008
653,2020-04-22,10691070.189000009
654,2020-04-23,10697627.189000009
655,2020-04-24,10705640.916200008
656,2020-04-27,10646569.782500008
657,2020-04-28,10646569.782500008
658,2020-04-30,10702472.033400008
659,2020-05-01,10706423.892900009
660,2020-05-07,10707620.378300007
661,2020-05-08,10741427.061200008
662,2020-05-11,10735409.659800008
663,2020-05-12,10740258.625100007
664,2020-05-13,10768988.848000009
665,2020-05-14,10768988.848000009
666,2020-05-15,10662649.927300008
667,2020-05-18,10655519.474500008
668,2020-05-19,10752383.403000008
669,2020-05-20,10789361.555400008
670,2020-05-21,10797534.397300009
671,2020-05-22,10797534.397300009
672,2020-05-25,10809357.505700007
673,2020-05-26,10826439.505700007
674,2020-05-27,10860493.273000007
675,2020-05-28,10846959.624400008
676,2020-05-29,10858194.771000009
677,2020-06-01,10934226.272100009
678,2020-06-02,10940571.82560001
679,2020-06-03,10998701.45920001
680,2020-06-04,11027329.86170001
681,2020-06-05,11049108.569300009
682,2020-06-08,11082251.837600008
683,2020-06-09,11082251.837600008
684,2020-06-10,11077688.895000009
685,2020-06-11,11077688.895000009
686,2020-06-12,11077688.895000009
687,2020-06-15,11077688.895000009
688,2020-06-16,11003583.895000009
689,2020-06-17,11009908.277300008
690,2020-06-18,11019373.059900008
691,2020-06-19,11033447.34430001
692,2020-06-22,11036411.713000009
693,2020-06-23,11035158.927800009
694,2020-06-24,11035158.927800009
695,2020-06-25,11035158.927800009
696,2020-06-26,11030452.231100008
697,2020-06-29,11030429.86740001
698,2020-06-30,10982794.18420001
699,2020-07-01,10982794.18420001
700,2020-07-02,10995432.606800009
701,2020-07-03,11026249.883200008
702,2020-07-06,11152076.883200008
703,2020-07-07,11220029.15020001
704,2020-07-08,11226655.836300008
705,2020-07-09,11249250.969100008
706,2020-07-10,11249250.969100008
707,2020-07-13,11246811.992900008
708,2020-07-14,11227398.248700008
709,2020-07-15,11242661.691200009
710,2020-07-16,11217533.995300008
711,2020-07-17,11189078.82320001
712,2020-07-20,11195741.752100008
713,2020-07-21,11215905.26220001
714,2020-07-22,11215905.26220001
715,2020-07-27,11239613.841300009
716,2020-07-28,11248687.739400009
717,2020-07-29,11248687.739400009
718,2020-07-30,11248687.739400009
719,2020-07-31,11248687.739400009
720,2020-08-03,11211560.24460001
721,2020-08-04,11091534.91430001
722,2020-08-05,11070166.46030001
723,2020-08-06,11102090.866500009
724,2020-08-07,11091971.858100008
725,2020-08-11,11037013.984900009
726,2020-08-12,11057654.282300008
727,2020-08-13,11112111.182300009
728,2020-08-14,11117437.546500009
729,2020-08-17,11112726.23150001
730,2020-08-18,11112726.23150001
731,2020-08-19,11112726.23150001
732,2020-08-20,11122880.58640001
733,2020-08-21,11100725.11280001
734,2020-08-24,11082327.227700008
735,2020-08-25,11092737.17090001
736,2020-08-26,11105016.46810001
737,2020-08-27,11138092.42070001
738,2020-08-28,11138092.42070001
739,2020-08-31,11138092.42070001
740,2020-09-01,11138092.42070001
741,2020-09-02,11152688.507100008
742,2020-09-03,11153827.707100008
743,2020-09-04,11153794.94090001
744,2020-09-07,11163348.076900009
745,2020-09-08,11185326.21600001
746,2020-09-09,11185326.21600001
747,2020-09-10,11182994.266000008
748,2020-09-11,11175297.060600009
749,2020-09-14,11214090.82780001
750,2020-09-15,11216035.76330001
751,2020-09-16,11231489.169600008
752,2020-09-17,11234953.568500008
753,2020-09-18,11222483.917000009
754,2020-09-23,11328698.689000009
755,2020-09-24,11328683.43190001
756,2020-09-25,11336790.374500008
757,2020-09-28,11326268.488300009
758,2020-09-29,11355769.375600008
759,2020-09-30,11355769.375600008
760,2020-10-02,11353331.375600008
761,2020-10-05,11347671.389500009
762,2020-10-06,11372069.727400009
763,2020-10-07,11383492.22580001
764,2020-10-08,11390277.87480001
765,2020-10-09,11398925.27630001
766,2020-10-12,11401437.587100009
767,2020-10-13,11412823.32790001
768,2020-10-14,11412802.641900009
769,2020-10-15,11412802.641900009
770,2020-10-16,11412802.641900009
771,2020-10-19,11381020.641900009
772,2020-10-20,11380996.410000008
773,2020-10-21,11387533.508600008
774,2020-10-22,11387533.508600008
775,2020-10-23,11359713.755700009
776,2020-10-26,11308515.799700009
777,2020-10-27,11308515.799700009
778,2020-10-28,11281396.88610001
779,2020-10-29,11281742.148200009
780,2020-10-30,11281742.148200009
781,2020-11-02,11205947.61040001
782,2020-11-04,11213996.426700009
783,2020-11-05,11253552.453300009
784,2020-11-06,11287131.805700008
785,2020-11-09,11278420.104100008
786,2020-11-10,11345733.954100009
787,2020-11-11,11373261.268100008
788,2020-11-12,11404599.762400009
789,2020-11-13,11404599.762400009
790,2020-11-16,11475928.525100008
791,2020-11-17,11452379.86830001
792,2020-11-18,11455695.380100008
793,2020-11-19,11464508.270000009
794,2020-11-20,11477867.898700008
795,2020-11-24,11518480.898700008
796,2020-11-25,11574654.02500001
797,2020-11-26,11607882.08530001
798,2020-11-27,11607882.08530001
799,2020-11-30,11607882.08530001
800,2020-12-01,11646937.31350001
801,2020-12-02,11688063.608000008
802,2020-12-03,11688063.608000008
803,2020-12-04,11711573.88610001
804,2020-12-07,11711573.88610001
805,2020-12-08,11711573.88610001
806,2020-12-09,11711573.88610001
807,2020-12-10,11721289.548400009
808,2020-12-11,11729917.731000008
809,2020-12-14,11729917.731000008
810,2020-12-15,11745603.97600001
811,2020-12-16,11806214.739300009
812,2020-12-17,11809952.06250001
813,2020-12-18,11815887.629600009
814,2020-12-21,11815887.629600009
815,2020-12-22,11784164.11960001
816,2020-12-23,11784164.11960001
817,2020-12-24,11840952.562200008
818,2020-12-25,11812498.59750001
819,2020-12-28,11833406.908400008
820,2020-12-29,11872902.908400008
821,2020-12-30,11872670.440000009
822,2021-01-04,11922140.73540001
823,2021-01-05,11922126.063100008
824,2021-01-06,11935453.063100008
825,2021-01-07,11977961.351500008
826,2021-01-08,12099134.351500008
827,2021-01-12,12137215.566100009
828,2021-01-13,12143510.55140001
829,2021-01-14,12142286.635300009
830,2021-01-15,12142286.635300009
831,2021-01-18,12142179.077200009
832,2021-01-19,12236951.01540001
833,2021-01-20,12239695.813400008
834,2021-01-21,12218789.334900009
835,2021-01-22,12236011.50340001
836,2021-01-25,12256427.71720001
837,2021-01-26,12301000.09100001
838,2021-01-27,12312612.046900008
839,2021-01-28,12312595.587400008
840,2021-01-29,12312595.587400008
841,2021-02-01,12317224.00870001
842,2021-02-02,12372294.940600008
843,2021-02-03,12437029.919700008
844,2021-02-04,12439155.30360001
845,2021-02-05,12373974.810500009
846,2021-02-08,12372851.943700008
847,2021-02-09,12372851.943700008
848,2021-02-10,12399084.93210001
849,2021-02-12,12402516.767700009
850,2021-02-15,12443443.10400001
851,2021-02-16,12484582.616500009
852,2021-02-17,12484554.72350001
853,2021-02-18,12484554.72350001
854,2021-02-19,12484554.72350001
855,2021-02-22,12488998.113100009
856,2021-02-24,12547992.737000009
857,2021-02-25,12536720.44580001
858,2021-02-26,12536636.75340001
859,2021-03-01,12521506.579300009
860,2021-03-02,12522259.12170001
861,2021-03-03,12509367.58660001
862,2021-03-04,12422388.29810001
863,2021-03-05,12435854.64580001
864,2021-03-08,12435854.64580001
865,2021-03-09,12413287.414000008
866,2021-03-10,12387608.785300009
867,2021-03-11,12392174.34280001
868,2021-03-12,12329295.43270001
869,2021-03-15,12334937.41550001
870,2021-03-16,12403862.95480001
871,2021-03-17,12415680.629900008
872,2021-03-18,12461461.050600009
873,2021-03-19,12512245.116600009
874,2021-03-22,12512245.116600009
875,2021-03-23,12512245.116600009
876,2021-03-24,12512245.116600009
877,2021-03-25,12316791.325900009
878,2021-03-26,12350279.818300009
879,2021-03-29,12350256.142200008
880,2021-03-30,12376731.56370001
881,2021-03-31,12402552.379700009
882,2021-04-01,12444963.051200008
883,2021-04-02,12432092.216900008
884,2021-04-05,12435690.510400008
885,2021-04-06,12435690.510400008
886,2021-04-07,12460079.940600008
887,2021-04-08,12473789.080600008
888,2021-04-09,12475926.106900008
889,2021-04-12,12479535.974500008
890,2021-04-13,12479535.974500008
891,2021-04-14,12479535.974500008
892,2021-04-15,12524474.743800009
893,2021-04-16,12523467.520700008
894,2021-04-19,12512107.923000008
895,2021-04-20,12512107.923000008
896,2021-04-21,12512107.923000008
897,2021-04-22,12462826.923000008
898,2021-04-23,12428085.17110001
899,2021-04-26,12441632.475300008
900,2021-04-27,12437599.399000008
901,2021-04-28,12476575.837200008
902,2021-04-30,12531415.095100008
903,2021-05-06,12543711.119800009
904,2021-05-07,12574902.729400009
905,2021-05-10,12576310.034800008
906,2021-05-11,12576310.034800008
907,2021-05-12,12562767.939100008
908,2021-05-13,12512950.57350001
909,2021-05-14,12461028.621500008
910,2021-05-17,12491333.396600008
911,2021-05-18,12566128.024400009
912,2021-05-19,12587887.201400008
913,2021-05-20,12587887.201400008
914,2021-05-21,12577690.62980001
915,2021-05-24,12605058.78580001
916,2021-05-25,12626385.814000009
917,2021-05-26,12644587.38150001
918,2021-05-27,12644587.38150001
919,2021-05-28,12675809.694700008
920,2021-05-31,12675776.35740001
921,2021-06-01,12641010.762500009
922,2021-06-02,12662915.215700008
923,2021-06-03,12725460.482800009
924,2021-06-04,12725460.482800009
925,2021-06-07,12623600.963400008
926,2021-06-08,12623600.963400008
927,2021-06-09,12623600.963400008
928,2021-06-10,12610664.522500008
929,2021-06-11,12610664.522500008
930,2021-06-14,12623013.04720001
931,2021-06-15,12627622.036800008
932,2021-06-16,12640752.610300008
933,2021-06-17,12640752.610300008
934,2021-06-18,12617160.671700008
935,2021-06-21,12617160.671700008
936,2021-06-22,12582248.171700008
937,2021-06-23,12586093.694500009
938,2021-06-24,12586093.694500009
939,2021-06-25,12581456.81370001
940,2021-06-28,12604426.18310001
941,2021-06-29,12604395.464300008
942,2021-06-30,12595616.072100008
943,2021-07-01,12615072.800100008
944,2021-07-02,12615072.800100008
945,2021-07-05,12598522.82780001
946,2021-07-06,12623190.484100008
947,2021-07-07,12564256.202100009
948,2021-07-08,12564256.202100009
949,2021-07-09,12496639.25340001
950,2021-07-12,12519089.58340001
951,2021-07-13,12530274.039100008
952,2021-07-14,12529831.545600008
953,2021-07-15,12531678.60940001
954,2021-07-16,12531678.60940001
955,2021-07-19,12531678.60940001
956,2021-07-20,12531678.60940001
957,2021-07-21,12523258.728500009
958,2021-07-26,12523888.114200009
959,2021-07-27,12512531.517200008
960,2021-07-28,12512508.746400008
961,2021-07-29,12531745.65580001
962,2021-07-30,12547462.513600009
963,2021-08-02,12543387.08860001
964,2021-08-03,12543387.08860001
965,2021-08-04,12543387.08860001
966,2021-08-05,12543387.08860001
967,2021-08-06,12543387.08860001
968,2021-08-10,12546892.82980001
969,2021-08-11,12535197.791100008
970,2021-08-12,12591038.001900008
971,2021-08-13,12644238.037000008
972,2021-08-16,12628288.754000008
973,2021-08-17,12628288.754000008
974,2021-08-18,12540651.290400008
975,2021-08-19,12540651.290400008
976,2021-08-20,12540651.290400008
977,2021-08-23,12565502.599700008
978,2021-08-24,12574549.489300009
979,2021-08-25,12617835.48570001
980,2021-08-26,12621430.25450001
981,2021-08-27,12621430.25450001
982,2021-08-30,12627897.751400009
983,2021-08-31,12646069.71370001
984,2021-09-01,12646051.091300009
985,2021-09-02,12647911.591800008
986,2021-09-03,12646931.591800008
987,2021-09-06,12646931.591800008
988,2021-09-07,12655796.508200008
989,2021-09-08,12655764.142300008
990,2021-09-09,12655764.142300008
991,2021-09-10,12608329.18100001
992,2021-09-13,12634251.18100001
993,2021-09-14,12654721.720700009
994,2021-09-15,12654721.720700009
995,2021-09-16,12654721.720700009
996,2021-09-17,12668836.097300008
997,2021-09-21,12668836.097300008
998,2021-09-22,12668836.097300008
999,2021-09-24,12656924.097300008
1000,2021-09-27,12656862.262500009
1001,2021-09-28,12592189.703500008
1002,2021-09-29,12596404.703500008
1003,2021-09-30,12558362.108300008
1004,2021-10-01,12558362.108300008
1005,2021-10-04,12558362.108300008
1006,2021-10-05,12539334.124100009
1007,2021-10-06,12563211.608900009
1008,2021-10-07,12552069.875800008
1009,2021-10-08,12528069.276700009
1010,2021-10-11,12495355.570900008
1011,2021-10-12,12490350.424700009
1012,2021-10-13,12499947.163600009
1013,2021-10-14,12484742.590700008
1014,2021-10-15,12495105.545200009
1015,2021-10-18,12535009.305500008
1016,2021-10-19,12556676.73360001
1017,2021-10-20,12534463.380800009
1018,2021-10-21,12534463.380800009
1019,2021-10-22,12535472.586400008
1020,2021-10-25,12540805.586400008
1021,2021-10-26,12515638.100300008
1022,2021-10-27,12533378.570700008
1023,2021-10-28,12533378.570700008
1024,2021-10-29,12533378.570700008
1025,2021-11-01,12557768.850500008
1026,2021-11-02,12557734.662000008
1027,2021-11-04,12505544.519500008
1028,2021-11-05,12525069.09330001
1029,2021-11-08,12525069.09330001
1030,2021-11-09,12525069.09330001
1031,2021-11-10,12557144.791100008
1032,2021-11-11,12591428.276200008
1033,2021-11-12,12594881.276200008
1034,2021-11-15,12626022.57360001
1035,2021-11-16,12704447.222200008
1036,2021-11-17,12714468.52090001
1037,2021-11-18,12714179.52090001
1038,2021-11-19,12709654.318700008
1039,2021-11-22,12690039.387400009
1040,2021-11-24,12690039.387400009
1041,2021-11-25,12695888.796300009
1042,2021-11-26,12695888.796300009
1043,2021-11-29,12695888.796300009
1044,2021-11-30,12695888.796300009
1045,2021-12-01,12673338.796300009
1046,2021-12-02,12604703.77410001
1047,2021-12-03,12620375.77410001
1048,2021-12-06,12620342.27170001
1049,2021-12-07,12629838.271700008
1050,2021-12-08,12629786.157200009
1051,2021-12-09,12639303.208900008
1052,2021-12-10,12639303.208900008
1053,2021-12-13,12639303.208900008
1054,2021-12-14,12639303.208900008
1055,2021-12-15,12639303.208900008
1056,2021-12-16,12677302.416300008
1057,2021-12-17,12677253.97800001
1058,2021-12-20,12677253.97800001
1059,2021-12-21,12701784.97800001
1060,2021-12-22,12692530.029500008
1061,2021-12-23,12700129.333100008
1062,2021-12-24,12700129.333100008
1063,2021-12-27,12700129.333100008
1064,2021-12-28,12778881.936600009
1065,2021-12-29,12778832.351400008
1066,2021-12-30,12778832.351400008
1067,2022-01-04,12779609.351400008
1068,2022-01-05,12717466.551700009
1069,2022-01-06,12717466.551700009
1070,2022-01-07,12717466.551700009
1071,2022-01-11,12717466.551700009
1072,2022-01-12,12717466.551700009
1073,2022-01-13,12721198.943700008
1074,2022-01-14,12721198.943700008
1075,2022-01-17,12663104.76000001
1076,2022-01-18,12663104.76000001
1077,2022-01-19,12663087.897200009
1078,2022-01-20,12577349.044200009
1079,2022-01-21,12577349.044200009
1080,2022-01-24,12623417.923500009
1081,2022-01-25,12623417.923500009
1082,2022-01-26,12623417.923500009
1083,2022-01-27,12623417.923500009
1084,2022-01-28,12562393.926700009
1085,2022-01-31,12361106.679300008
1086,2022-02-01,12266401.57560001
1087,2022-02-02,12323255.78960001
1088,2022-02-03,12323107.93980001
1089,2022-02-04,12387313.821800008
1090,2022-02-07,12392257.487000009
1091,2022-02-08,12376148.76100001
1092,2022-02-09,12406215.332400009
1093,2022-02-10,12308947.456900008
1094,2022-02-14,12309405.69950001
1095,2022-02-15,12309405.69950001
1096,2022-02-16,12302951.783100009
1097,2022-02-17,12199737.982200008
1098,2022-02-18,12194825.44640001
1099,2022-02-21,12194825.44640001
1100,2022-02-22,12194825.44640001
1101,2022-02-24,12134305.615600009
1102,2022-02-25,12149926.905300008
1103,2022-02-28,12162330.90230001
1104,2022-03-01,12197679.894900009
1105,2022-03-02,12197679.894900009
1106,2022-03-03,12180842.900800008
1107,2022-03-04,12180842.900800008
1108,2022-03-07,12192172.37390001
1109,2022-03-08,12172389.833900008
1110,2022-03-09,12169006.769900009
1111,2022-03-10,12205455.769900009
1112,2022-03-11,12205377.206000008
1113,2022-03-14,12212498.549600009
1114,2022-03-15,12239404.659500008
1115,2022-03-16,12285634.659500008
1116,2022-03-17,12285574.01740001
1117,2022-03-18,12284389.33280001
1118,2022-03-22,12300638.13280001
1119,2022-03-23,12353190.13280001
1120,2022-03-24,12353070.112200009
1121,2022-03-25,12348280.597900009
1122,2022-03-28,12355805.571700009
1123,2022-03-29,12414107.549800009
1124,2022-03-30,12426955.672500009
1125,2022-03-31,12426955.672500009
1126,2022-04-01,12431837.99350001
1127,2022-04-04,12448874.015600009
1128,2022-04-05,12450751.898600008
1129,2022-04-06,12450751.898600008
1130,2022-04-07,12450751.898600008
1131,2022-04-08,12443943.92200001
1132,2022-04-11,12481126.89480001
1133,2022-04-12,12465736.71390001
1134,2022-04-13,12484810.078400008
1135,2022-04-14,12519943.37230001
1136,2022-04-15,12520586.96780001
1137,2022-04-18,12520586.96780001
1138,2022-04-19,12520586.96780001
1139,2022-04-20,12505152.489200009
1140,2022-04-21,12518197.72860001
1141,2022-04-22,12518197.72860001
1142,2022-04-25,12518197.72860001
1143,2022-04-26,12508068.39760001
1144,2022-04-27,12508068.39760001
1145,2022-04-28,12432780.11950001
1146,2022-05-02,12450781.27520001
1147,2022-05-06,12566178.47770001
1148,2022-05-09,12566178.47770001
1149,2022-05-10,12572761.178000009
1150,2022-05-11,12494764.90970001
1151,2022-05-12,12494764.90970001
1152,2022-05-13,12491940.65090001
1153,2022-05-16,12491921.03570001
1154,2022-05-17,12515716.40370001
1155,2022-05-18,12386107.33960001
1156,2022-05-19,12389866.01580001
1157,2022-05-20,12417237.69700001
1158,2022-05-23,12481869.49220001
1159,2022-05-24,12486652.47420001
1160,2022-05-25,12486652.47420001
1161,2022-05-26,12486652.47420001
1162,2022-05-27,12545862.16090001
1163,2022-05-30,12658111.144000009
1164,2022-05-31,12706627.50020001
1165,2022-06-01,12830909.34210001
1166,2022-06-02,12838393.61710001
1167,2022-06-03,12858070.97640001
1168,2022-06-06,12905550.72470001
1169,2022-06-07,12964327.94620001
1170,2022-06-08,12992706.75090001
1171,2022-06-09,12939609.11660001
1172,2022-06-10,12939609.11660001
1173,2022-06-13,12939609.11660001
1174,2022-06-14,12960105.240400009
1175,2022-06-15,12960105.240400009
1176,2022-06-16,12963345.78700001
1177,2022-06-17,12963345.78700001
1178,2022-06-20,12963345.78700001
1179,2022-06-21,12900422.78700001
1180,2022-06-22,12900300.00830001
1181,2022-06-23,12892275.55160001
1182,2022-06-24,12898566.31080001
1183,2022-06-27,12993537.50030001
1184,2022-06-28,12981592.52680001
1185,2022-06-29,12982775.97960001
1186,2022-06-30,12982775.97960001
1187,2022-07-01,12982775.97960001
1188,2022-07-04,13016002.91650001
1189,2022-07-05,12995709.32000001
1190,2022-07-06,12995645.125200009
1191,2022-07-07,12985289.62920001
1192,2022-07-08,13010278.72620001
1193,2022-07-11,13053921.40780001
1194,2022-07-12,13053921.40780001
1195,2022-07-13,13053921.40780001
1196,2022-07-14,13058023.24930001
1197,2022-07-15,13054705.41560001
1198,2022-07-19,13081406.75010001
1199,2022-07-20,13158560.75010001
1200,2022-07-21,13158367.46450001
1201,2022-07-22,13181789.715500008
1202,2022-07-25,13181789.715500008
1203,2022-07-26,13197969.75000001
1204,2022-07-27,13206437.15980001
1205,2022-07-28,13222778.44780001
1206,2022-07-29,13203394.26250001
1207,2022-08-01,13225004.93430001
1208,2022-08-02,13225004.93430001
1209,2022-08-03,13225004.93430001
1210,2022-08-04,13188396.91700001
1211,2022-08-05,13159801.78190001
1212,2022-08-08,13285662.61920001
1213,2022-08-09,13251461.15560001
1214,2022-08-10,13260278.459800009
1215,2022-08-12,13273533.11570001
1216,2022-08-15,13272743.32290001
1217,2022-08-16,13272657.32790001
1218,2022-08-17,13271728.984000009
1219,2022-08-18,13271728.984000009
1220,2022-08-19,13272461.80250001
1221,2022-08-22,13283209.01250001
1222,2022-08-23,13283181.64970001
1223,2022-08-24,13290256.535500009
1224,2022-08-25,13272647.45040001
1225,2022-08-26,13281597.91020001
1226,2022-08-29,13281597.91020001
1227,2022-08-30,13265763.91020001
1228,2022-08-31,13265624.72370001
1229,2022-09-01,13265624.72370001
1230,2022-09-02,13265624.72370001
1231,2022-09-05,13276366.72370001
1232,2022-09-06,13283648.98420001
1233,2022-09-07,13283648.98420001
1234,2022-09-08,13261780.98420001
1235,2022-09-09,13198064.70180001
1236,2022-09-12,13206766.70180001
1237,2022-09-13,13206735.78210001
1238,2022-09-14,13206735.78210001
1239,2022-09-15,13206735.78210001
1240,2022-09-16,13206713.93210001
1241,2022-09-20,13206713.93210001
1242,2022-09-21,13205060.88900001
1243,2022-09-22,13205060.88900001
1244,2022-09-26,13205060.88900001
1245,2022-09-27,13205060.88900001
1246,2022-09-28,13205060.88900001
1247,2022-09-29,13205060.88900001
1248,2022-09-30,13205060.88900001
1249,2022-10-03,13013684.74350001
1250,2022-10-04,13033847.74350001
1251,2022-10-05,13053274.80140001
1252,2022-10-06,13053274.80140001
1253,2022-10-07,13073727.268800009
1254,2022-10-11,13073727.268800009
1255,2022-10-12,13073727.268800009
1256,2022-10-13,13073727.268800009
1257,2022-10-14,13032037.268800009
1258,2022-10-17,13031732.08980001
1259,2022-10-18,13107037.08980001
1260,2022-10-19,13106751.88800001
1261,2022-10-20,13118371.46630001
1262,2022-10-21,13118371.46630001
1263,2022-10-24,13105201.51030001
1264,2022-10-25,13073274.516500011
1265,2022-10-26,13092165.13060001
1266,2022-10-27,13092165.13060001
1267,2022-10-28,13062817.11120001
1268,2022-10-31,13081455.43060001
1269,2022-11-01,13134281.90200001
1270,2022-11-02,13134281.90200001
1271,2022-11-04,13134281.90200001
1272,2022-11-07,13168424.71900001
1273,2022-11-08,13180964.48770001
1274,2022-11-09,13234527.75670001
1275,2022-11-10,13207917.39190001
1276,2022-11-11,13279499.05220001
1277,2022-11-14,13279499.05220001
1278,2022-11-15,13277622.56950001
1279,2022-11-16,13280265.07090001
1280,2022-11-17,13268932.67700001
1281,2022-11-18,13268932.67700001
1282,2022-11-21,13272375.74370001
1283,2022-11-22,13275703.41520001
1284,2022-11-24,13448848.88640001
1285,2022-11-25,13535495.23140001
1286,2022-11-28,13537783.77330001
1287,2022-11-29,13570625.77380001
1288,2022-11-30,13602162.37710001
1289,2022-12-01,13626763.44420001
1290,2022-12-02,13626763.44420001
1291,2022-12-05,13610512.09420001
1292,2022-12-06,13586501.04700001
1293,2022-12-07,13586501.04700001
1294,2022-12-08,13586501.04700001
1295,2022-12-09,13600253.31810001
1296,2022-12-12,13661624.87810001
1297,2022-12-13,13674342.70660001
1298,2022-12-14,13689646.04140001
1299,2022-12-15,13692595.00290001
1300,2022-12-16,13692595.00290001
1301,2022-12-19,13692595.00290001
1302,2022-12-20,13750935.15660001
1303,2022-12-21,13686725.43530001
1304,2022-12-22,13688633.385300009
1305,2022-12-23,13692594.09840001
1306,2022-12-26,13690089.058600008
1307,2022-12-27,13706692.84990001
1308,2022-12-28,13706692.84990001
1309,2022-12-29,13607055.65140001
1310,2022-12-30,13619577.566100009
1311,2023-01-04,13619549.689100008
1312,2023-01-05,13619549.689100008
1313,2023-01-06,13585214.35780001
1314,2023-01-10,13593418.50540001
1315,2023-01-11,13610047.695500009
1316,2023-01-12,13610047.695500009
1317,2023-01-13,13594613.54550001
1318,2023-01-16,13594613.54550001
1319,2023-01-17,13560521.64800001
1320,2023-01-18,13564170.64800001
1321,2023-01-19,13564035.864500009
1322,2023-01-20,13569878.75450001
1323,2023-01-23,13597794.75450001
1324,2023-01-24,13597714.31320001
1325,2023-01-25,13608104.22730001
1326,2023-01-26,13608061.03480001
1327,2023-01-27,13632256.04290001
1328,2023-01-30,13644842.70180001
1329,2023-01-31,13670103.17730001
1330,2023-02-01,13604315.43480001
1331,2023-02-02,13617670.031300008
1332,2023-02-03,13595190.53920001
1333,2023-02-06,13605464.95440001
1334,2023-02-07,13630677.01950001
1335,2023-02-08,13657064.76030001
1336,2023-02-09,13677164.88750001
1337,2023-02-10,13700919.15530001
1338,2023-02-13,13700919.15530001
1339,2023-02-14,13709827.15530001
1340,2023-02-15,13709808.36710001
1341,2023-02-16,13697977.75210001
1342,2023-02-17,13697315.09410001
1343,2023-02-20,13706024.59590001
1344,2023-02-21,13664559.04590001
1345,2023-02-22,13664559.04590001
1346,2023-02-24,13649513.15770001
1347,2023-02-27,13655379.52180001
1348,2023-02-28,13630757.35360001
1349,2023-03-01,13677839.69350001
1350,2023-03-02,13680523.94120001
1351,2023-03-03,13697795.00210001
1352,2023-03-06,13697171.289700009
1353,2023-03-07,13697146.05970001
1354,2023-03-08,13702289.65380001
1355,2023-03-09,13716980.27370001
1356,2023-03-10,13758509.754400011
1357,2023-03-13,13758509.754400011
1358,2023-03-14,13758509.754400011
1359,2023-03-15,13776502.22340001
1360,2023-03-16,13776502.22340001
1361,2023-03-17,13758422.23480001
1362,2023-03-20,13758407.22510001
1363,2023-03-22,13648485.22510001
1364,2023-03-23,13574993.28240001
1365,2023-03-24,13597426.500300009
1366,2023-03-27,13588240.030900009
1367,2023-03-28,13604510.47620001
1368,2023-03-29,13630879.47620001
1369,2023-03-30,13644428.77840001
1370,2023-03-31,13671064.57550001
1371,2023-04-03,13690041.26590001
1372,2023-04-04,13694457.26590001
1373,2023-04-05,13694427.516800009
1374,2023-04-06,13694427.516800009
1375,2023-04-07,13658280.10680001
1376,2023-04-10,13679473.116200011
1377,2023-04-11,13669159.78590001
1378,2023-04-12,13693614.80800001
1379,2023-04-13,13704412.47670001
1380,2023-04-14,13726882.368700009
1381,2023-04-17,13744437.73080001
1382,2023-04-18,13757536.739200009
1383,2023-04-19,13757900.84690001
1384,2023-04-20,13793110.15560001
1385,2023-04-21,13842518.39080001
1386,2023-04-24,13849923.044100009
1387,2023-04-25,13849895.06680001
1388,2023-04-26,13849895.06680001
1389,2023-04-27,13874846.796300009
1390,2023-04-28,13964852.78950001
1391,2023-05-01,14048182.51700001
1392,2023-05-02,14050565.66700001
1393,2023-05-08,14080184.83180001
1394,2023-05-09,14091102.76850001
1395,2023-05-10,14160866.49220001
1396,2023-05-11,14152068.56300001
1397,2023-05-12,14225285.136000011
1398,2023-05-15,14274031.74400001
1399,2023-05-16,14296869.15630001
1400,2023-05-17,14380851.12650001
1401,2023-05-18,14398463.37180001
1402,2023-05-19,14436982.36990001
1403,2023-05-22,14590560.905800011
1404,2023-05-23,14642228.18910001
1405,2023-05-24,14635238.62080001
1406,2023-05-25,14634290.256600011
1407,2023-05-26,14660224.887800012
1408,2023-05-29,14657489.19130001
1409,2023-05-30,14679066.435100012
1410,2023-05-31,14679066.435100012
1411,2023-06-01,14668350.435100012
1412,2023-06-02,14686972.31820001
1413,2023-06-05,14775092.22830001
1414,2023-06-06,14820662.64450001
1415,2023-06-07,14812202.974700011
1416,2023-06-08,14882134.64230001
1417,2023-06-09,14931789.71120001
1418,2023-06-12,14958008.35890001
1419,2023-06-13,14970694.806800012
1420,2023-06-14,14976967.765200011
1421,2023-06-15,14957115.996800011
1422,2023-06-16,14911529.790600011
1423,2023-06-19,14911529.790600011
1424,2023-06-20,14954878.747700011
1425,2023-06-21,14954878.747700011
1426,2023-06-22,14954878.747700011
1427,2023-06-23,14954878.747700011
1428,2023-06-26,14954878.747700011
1429,2023-06-27,15038623.696400011
1430,2023-06-28,14926575.824600011
1431,2023-06-29,14920941.594000012
1432,2023-06-30,14935105.703700012
1433,2023-07-03,15039065.703700012
1434,2023-07-04,15038698.68590001
1435,2023-07-05,15084912.18680001
1436,2023-07-06,15084912.18680001
1437,2023-07-07,15084912.18680001
1438,2023-07-10,15084912.18680001
1439,2023-07-11,15045843.864900012
1440,2023-07-12,15024155.391200012
1441,2023-07-13,14963356.391200012
1442,2023-07-14,14950845.692700012
1443,2023-07-18,14955881.457600012
1444,2023-07-19,14948287.45760001
1445,2023-07-20,14947922.208200011
1446,2023-07-21,14891749.614400012
1447,2023-07-24,14971781.796600012
1448,2023-07-25,15012491.300100014
1449,2023-07-26,15012491.300100014
1450,2023-07-27,15059473.420900013
1451,2023-07-28,15063190.941100013
1452,2023-07-31,15112278.395700011
1453,2023-08-01,15136408.547400013
1454,2023-08-02,15136408.547400013
1455,2023-08-03,15136408.547400013
1456,2023-08-04,15069232.632500011
1457,2023-08-07,15084668.099600011
1458,2023-08-08,15209634.821300013
1459,2023-08-09,15214766.652300011
1460,2023-08-10,15204876.417000012
1461,2023-08-14,15204856.654400012
1462,2023-08-15,15204856.654400012
1463,2023-08-16,15204856.654400012
1464,2023-08-17,15204856.654400012
1465,2023-08-18,15204856.654400012
1466,2023-08-21,15157934.073000012
1467,2023-08-22,15048734.002800012
1468,2023-08-23,15056380.190200012
1469,2023-08-24,15138616.350600012
1470,2023-08-25,15087485.130700013
1471,2023-08-28,15273338.396300012
1472,2023-08-29,15299609.770700013
1473,2023-08-30,15318109.500100013
1474,2023-08-31,15341702.844400013
1475,2023-09-01,15341326.802200012
1476,2023-09-04,15364480.802200012
1477,2023-09-05,15376709.982500013
1478,2023-09-06,15470734.508600013
1479,2023-09-07,15538199.993800014
1480,2023-09-08,15538199.993800014
1481,2023-09-11,15503467.611900013
1482,2023-09-12,15447950.701500013
1483,2023-09-13,15451198.979300015
1484,2023-09-14,15509724.253900014
1485,2023-09-15,15540749.476500014
1486,2023-09-19,15578323.541000014
1487,2023-09-20,15578323.541000014
1488,2023-09-21,15597552.236900013
1489,2023-09-22,15597552.236900013
1490,2023-09-25,15577850.247500014
1491,2023-09-26,15579715.072300013
1492,2023-09-27,15585810.622300014
1493,2023-09-28,15566156.252300013
1494,2023-09-29,15571974.722300014
1495,2023-10-02,15571974.722300014
1496,2023-10-03,15557091.792300014
1497,2023-10-04,15557091.792300014
1498,2023-10-05,15396334.642300013
1499,2023-10-06,15395975.312300015
1500,2023-10-10,15459249.312300015
1501,2023-10-11,15458764.502300013
1502,2023-10-12,15531849.422300015
1503,2023-10-13,15499906.202300014
1504,2023-10-16,15499906.202300014
1505,2023-10-17,15379982.472300014
1506,2023-10-18,15353740.290900012
1507,2023-10-19,15293004.500900013
1508,2023-10-20,15316369.780900015
1509,2023-10-23,15360071.790900014
1510,2023-10-24,15200925.110900015
1511,2023-10-25,15220929.550900014
1512,2023-10-26,15220904.650900014
1513,2023-10-27,15161671.006500013
1514,2023-10-30,15248887.331500014
1515,2023-10-31,15324052.019700013
1516,2023-11-01,15344209.409700014
1517,2023-11-02,15409160.959700014
1518,2023-11-06,15582801.719600014
1519,2023-11-07,15582775.249600014
1520,2023-11-08,15582519.869600013
1521,2023-11-09,15560822.569600012
1522,2023-11-10,15683904.809600014
1523,2023-11-13,15741245.746600013
1524,2023-11-14,15740343.236600013
1525,2023-11-15,15714331.975700013
1526,2023-11-16,15762988.747200012
1527,2023-11-17,15802158.147900013
1528,2023-11-20,15924245.231500013
1529,2023-11-21,15933678.266500013
1530,2023-11-22,15957351.696500013
1531,2023-11-24,15968467.769000012
1532,2023-11-27,15995924.549000014
1533,2023-11-28,15995924.549000014
1534,2023-11-29,15992263.114000013
1535,2023-11-30,15975703.125700014
1536,2023-12-01,15977761.151400013
1537,2023-12-04,16108551.981400013
1538,2023-12-05,16099929.133900013
1539,2023-12-06,16139691.303700013
1540,2023-12-07,16119186.328700013
1541,2023-12-08,16119186.328700013
1542,2023-12-11,16115114.688700013
1543,2023-12-12,16101461.867800012
1544,2023-12-13,16116665.877800014
1545,2023-12-14,16116665.877800014
1546,2023-12-15,16102085.296700014
1547,2023-12-18,16102085.296700014
1548,2023-12-19,16027296.746700013
1549,2023-12-20,16018611.796700012
1550,2023-12-21,16031864.796700012
1551,2023-12-22,16060139.961900013
1552,2023-12-25,16087328.721900012
1553,2023-12-26,16118001.362400014
1554,2023-12-27,16162353.775200013
1555,2023-12-28,16187941.085200014
1556,2023-12-29,16188903.785200013
1557,2024-01-04,16274835.515200013
1558,2024-01-05,16290231.395200014
1559,2024-01-09,16373266.175200013
1560,2024-01-10,16456647.625200015
1561,2024-01-11,16556017.225200014
1562,2024-01-12,16647980.485200014
1563,2024-01-15,16729324.545200014
1564,2024-01-16,16729195.975200014
1565,2024-01-17,16726538.885200014
1566,2024-01-18,16731991.125200015
1567,2024-01-19,16723483.245200014
1568,2024-01-22,16848219.245200016
1569,2024-01-23,16869572.110200014
1570,2024-01-24,16871547.368500013
1571,2024-01-25,16963408.188500013
1572,2024-01-26,16963385.463500015
1573,2024-01-29,16913029.013500012
1574,2024-01-30,16959431.068500012
1575,2024-01-31,17107117.764800012
1576,2024-02-01,17024761.637600012
1577,2024-02-02,17033258.17760001
1578,2024-02-05,17036245.527600013
1579,2024-02-06,17053890.057600014
1580,2024-02-07,17091263.327600013
1581,2024-02-08,17091263.327600013
1582,2024-02-09,17095670.222600013
1583,2024-02-13,17143553.637600012
1584,2024-02-14,17028032.652600013
1585,2024-02-15,17041570.19260001
1586,2024-02-16,17062870.19260001
1587,2024-02-19,17111120.672600012
1588,2024-02-20,17111109.12260001
1589,2024-02-21,17133756.322600015
1590,2024-02-22,17180399.842600014
1591,2024-02-26,17303520.532600015
1592,2024-02-27,17306064.532600015
1593,2024-02-28,17238034.762600012
1594,2024-02-29,17194524.412600014
1595,2024-03-01,17267972.582600012
1596,2024-03-04,17362471.697600015
1597,2024-03-05,17457220.607600015
1598,2024-03-06,17466770.607600015
